,#,Name,Type 1,HP,Attack,Defense,Sp. Atk,Sp. Def,Speed,Legendary,Total
0,1,Bulbasaur,Grass,45,49,49,65,65,45,False,318
1,2,Ivysaur,Grass,60,62,63,80,80,60,False,405
2,3,Venusaur,Grass,80,82,83,100,100,80,False,525
3,3,VenusaurMega Venusaur,Grass,80,100,123,122,120,80,False,625
4,4,Charmander,Fire,39,52,43,60,50,65,False,309
5,5,Charmeleon,Fire,58,64,58,80,65,80,False,405
6,6,Charizard,Fire,78,84,78,109,85,100,False,534
7,6,CharizardMega Charizard X,Fire,78,130,111,130,85,100,False,634
8,6,CharizardMega Charizard Y,Fire,78,104,78,159,115,100,False,634
9,7,Squirtle,Water,44,48,65,50,64,43,False,314
10,8,Wartortle,Water,59,63,80,65,80,58,False,405
11,9,Blastoise,Water,79,83,100,85,105,78,False,530
12,9,BlastoiseMega Blastoise,Water,79,103,120,135,115,78,False,630
13,10,Caterpie,Bug,45,30,35,20,20,45,False,195
14,11,Metapod,Bug,50,20,55,25,25,30,False,205
15,12,Butterfree,Bug,60,45,50,90,80,70,False,395
16,13,Weedle,Bug,40,35,30,20,20,50,False,195
17,14,Kakuna,Bug,45,25,50,25,25,35,False,205
18,15,Beedrill,Bug,65,90,40,45,80,75,False,395
19,15,BeedrillMega Beedrill,Bug,65,150,40,15,80,145,False,495
20,16,Pidgey,Normal,40,45,40,35,35,56,False,251
21,17,Pidgeotto,Normal,63,60,55,50,50,71,False,349
22,18,Pidgeot,Normal,83,80,75,70,70,101,False,479
23,18,PidgeotMega Pidgeot,Normal,83,80,80,135,80,121,False,579
24,19,Rattata,Normal,30,56,35,25,35,72,False,253
25,20,Raticate,Normal,55,81,60,50,70,97,False,413
26,21,Spearow,Normal,40,60,30,31,31,70,False,262
27,22,Fearow,Normal,65,90,65,61,61,100,False,442
28,23,Ekans,Poison,35,60,44,40,54,55,False,288
29,24,Arbok,Poison,60,85,69,65,79,80,False,438
30,25,Pikachu,Electric,35,55,40,50,50,90,False,320
31,26,Raichu,Electric,60,90,55,90,80,110,False,485
32,27,Sandshrew,Ground,50,75,85,20,30,40,False,300
33,28,Sandslash,Ground,75,100,110,45,55,65,False,450
34,29,Nidoran (Female),Poison,55,47,52,40,40,41,False,275
35,30,Nidorina,Poison,70,62,67,55,55,56,False,365
36,31,Nidoqueen,Poison,90,92,87,75,85,76,False,505
37,32,Nidoran (Male),Poison,46,57,40,40,40,50,False,273
38,33,Nidorino,Poison,61,72,57,55,55,65,False,365
39,34,Nidoking,Poison,81,102,77,85,75,85,False,505
40,35,Clefairy,Fairy,70,45,48,60,65,35,False,323
41,36,Clefable,Fairy,95,70,73,95,90,60,False,483
42,37,Vulpix,Fire,38,41,40,50,65,65,False,299
43,38,Ninetales,Fire,73,76,75,81,100,100,False,505
44,39,Jigglypuff,Normal,115,45,20,45,25,20,False,270
45,40,Wigglytuff,Normal,140,70,45,85,50,45,False,435
46,41,Zubat,Poison,40,45,35,30,40,55,False,245
47,42,Golbat,Poison,75,80,70,65,75,90,False,455
48,43,Oddish,Grass,45,50,55,75,65,30,False,320
49,44,Gloom,Grass,60,65,70,85,75,40,False,395
50,45,Vileplume,Grass,75,80,85,110,90,50,False,490
51,46,Paras,Bug,35,70,55,45,55,25,False,285
52,47,Parasect,Bug,60,95,80,60,80,30,False,405
53,48,Venonat,Bug,60,55,50,40,55,45,False,305
54,49,Venomoth,Bug,70,65,60,90,75,90,False,450
55,50,Diglett,Ground,10,55,25,35,45,95,False,265
56,51,Dugtrio,Ground,35,80,50,50,70,120,False,405
57,52,Meowth,Normal,40,45,35,40,40,90,False,290
58,53,Persian,Normal,65,70,60,65,65,115,False,440
59,54,Psyduck,Water,50,52,48,65,50,55,False,320
60,55,Golduck,Water,80,82,78,95,80,85,False,500
61,56,Mankey,Fighting,40,80,35,35,45,70,False,305
62,57,Primeape,Fighting,65,105,60,60,70,95,False,455
63,58,Growlithe,Fire,55,70,45,70,50,60,False,350
64,59,Arcanine,Fire,90,110,80,100,80,95,False,555
65,60,Poliwag,Water,40,50,40,40,40,90,False,300
66,61,Poliwhirl,Water,65,65,65,50,50,90,False,385
67,62,Poliwrath,Water,90,95,95,70,90,70,False,510
68,63,Abra,Psychic,25,20,15,105,55,90,False,310
69,64,Kadabra,Psychic,40,35,30,120,70,105,False,400
70,65,Alakazam,Psychic,55,50,45,135,95,120,False,500
71,65,AlakazamMega Alakazam,Psychic,55,50,65,175,95,150,False,590
72,66,Machop,Fighting,70,80,50,35,35,35,False,305
73,67,Machoke,Fighting,80,100,70,50,60,45,False,405
74,68,Machamp,Fighting,90,130,80,65,85,55,False,505
75,69,Bellsprout,Grass,50,75,35,70,30,40,False,300
76,70,Weepinbell,Grass,65,90,50,85,45,55,False,390
77,71,Victreebel,Grass,80,105,65,100,70,70,False,490
78,72,Tentacool,Water,40,40,35,50,100,70,False,335
79,73,Tentacruel,Water,80,70,65,80,120,100,False,515
80,74,Geodude,Rock,40,80,100,30,30,20,False,300
81,75,Graveler,Rock,55,95,115,45,45,35,False,390
82,76,Golem,Rock,80,120,130,55,65,45,False,495
83,77,Ponyta,Fire,50,85,55,65,65,90,False,410
84,78,Rapidash,Fire,65,100,70,80,80,105,False,500
85,79,Slowpoke,Water,90,65,65,40,40,15,False,315
86,80,Slowbro,Water,95,75,110,100,80,30,False,490
87,80,SlowbroMega Slowbro,Water,95,75,180,130,80,30,False,590
88,81,Magnemite,Electric,25,35,70,95,55,45,False,325
89,82,Magneton,Electric,50,60,95,120,70,70,False,465
90,83,Farfetch'd,Normal,52,65,55,58,62,60,False,352
91,84,Doduo,Normal,35,85,45,35,35,75,False,310
92,85,Dodrio,Normal,60,110,70,60,60,100,False,460
93,86,Seel,Water,65,45,55,45,70,45,False,325
94,87,Dewgong,Water,90,70,80,70,95,70,False,475
95,88,Grimer,Poison,80,80,50,40,50,25,False,325
96,89,Muk,Poison,105,105,75,65,100,50,False,500
97,90,Shellder,Water,30,65,100,45,25,40,False,305
98,91,Cloyster,Water,50,95,180,85,45,70,False,525
99,92,Gastly,Ghost,30,35,30,100,35,80,False,310
100,93,Haunter,Ghost,45,50,45,115,55,95,False,405
101,94,Gengar,Ghost,60,65,60,130,75,110,False,500
102,94,GengarMega Gengar,Ghost,60,65,80,170,95,130,False,600
103,95,Onix,Rock,35,45,160,30,45,70,False,385
104,96,Drowzee,Psychic,60,48,45,43,90,42,False,328
105,97,Hypno,Psychic,85,73,70,73,115,67,False,483
106,98,Krabby,Water,30,105,90,25,25,50,False,325
107,99,Kingler,Water,55,130,115,50,50,75,False,475
108,100,Voltorb,Electric,40,30,50,55,55,100,False,330
109,101,Electrode,Electric,60,50,70,80,80,140,False,480
110,102,Exeggcute,Grass,60,40,80,60,45,40,False,325
111,103,Exeggutor,Grass,95,95,85,125,65,55,False,520
112,104,Cubone,Ground,50,50,95,40,50,35,False,320
113,105,Marowak,Ground,60,80,110,50,80,45,False,425
114,106,Hitmonlee,Fighting,50,120,53,35,110,87,False,455
115,107,Hitmonchan,Fighting,50,105,79,35,110,76,False,455
116,108,Lickitung,Normal,90,55,75,60,75,30,False,385
117,109,Koffing,Poison,40,65,95,60,45,35,False,340
118,110,Weezing,Poison,65,90,120,85,70,60,False,490
119,111,Rhyhorn,Ground,80,85,95,30,30,25,False,345
120,112,Rhydon,Ground,105,130,120,45,45,40,False,485
121,113,Chansey,Normal,250,5,5,35,105,50,False,450
122,114,Tangela,Grass,65,55,115,100,40,60,False,435
123,115,Kangaskhan,Normal,105,95,80,40,80,90,False,490
124,115,KangaskhanMega Kangaskhan,Normal,105,125,100,60,100,100,False,590
125,116,Horsea,Water,30,40,70,70,25,60,False,295
126,117,Seadra,Water,55,65,95,95,45,85,False,440
127,118,Goldeen,Water,45,67,60,35,50,63,False,320
128,119,Seaking,Water,80,92,65,65,80,68,False,450
129,120,Staryu,Water,30,45,55,70,55,85,False,340
130,121,Starmie,Water,60,75,85,100,85,115,False,520
131,122,Mr. Mime,Psychic,40,45,65,100,120,90,False,460
132,123,Scyther,Bug,70,110,80,55,80,105,False,500
133,124,Jynx,Ice,65,50,35,115,95,95,False,455
134,125,Electabuzz,Electric,65,83,57,95,85,105,False,490
135,126,Magmar,Fire,65,95,57,100,85,93,False,495
136,127,Pinsir,Bug,65,125,100,55,70,85,False,500
137,127,PinsirMega Pinsir,Bug,65,155,120,65,90,105,False,600
138,128,Tauros,Normal,75,100,95,40,70,110,False,490
139,129,Magikarp,Water,20,10,55,15,20,80,False,200
140,130,Gyarados,Water,95,125,79,60,100,81,False,540
141,130,GyaradosMega Gyarados,Water,95,155,109,70,130,81,False,640
142,131,Lapras,Water,130,85,80,85,95,60,False,535
143,132,Ditto,Normal,48,48,48,48,48,48,False,288
144,133,Eevee,Normal,55,55,50,45,65,55,False,325
145,134,Vaporeon,Water,130,65,60,110,95,65,False,525
146,135,Jolteon,Electric,65,65,60,110,95,130,False,525
147,136,Flareon,Fire,65,130,60,95,110,65,False,525
148,137,Porygon,Normal,65,60,70,85,75,40,False,395
149,138,Omanyte,Rock,35,40,100,90,55,35,False,355
150,139,Omastar,Rock,70,60,125,115,70,55,False,495
151,140,Kabuto,Rock,30,80,90,55,45,55,False,355
152,141,Kabutops,Rock,60,115,105,65,70,80,False,495
153,142,Aerodactyl,Rock,80,105,65,60,75,130,False,515
154,142,AerodactylMega Aerodactyl,Rock,80,135,85,70,95,150,False,615
155,143,Snorlax,Normal,160,110,65,65,110,30,False,540
156,144,Articuno,Ice,90,85,100,95,125,85,True,580
157,145,Zapdos,Electric,90,90,85,125,90,100,True,580
158,146,Moltres,Fire,90,100,90,125,85,90,True,580
159,147,Dratini,Dragon,41,64,45,50,50,50,False,300
160,148,Dragonair,Dragon,61,84,65,70,70,70,False,420
161,149,Dragonite,Dragon,91,134,95,100,100,80,False,600
162,150,Mewtwo,Psychic,106,110,90,154,90,130,True,680
163,150,MewtwoMega Mewtwo X,Psychic,106,190,100,154,100,130,True,780
164,150,MewtwoMega Mewtwo Y,Psychic,106,150,70,194,120,140,True,780
165,151,Mew,Psychic,100,100,100,100,100,100,False,600
166,152,Chikorita,Grass,45,49,65,49,65,45,False,318
167,153,Bayleef,Grass,60,62,80,63,80,60,False,405
168,154,Meganium,Grass,80,82,100,83,100,80,False,525
169,155,Cyndaquil,Fire,39,52,43,60,50,65,False,309
170,156,Quilava,Fire,58,64,58,80,65,80,False,405
171,157,Typhlosion,Fire,78,84,78,109,85,100,False,534
172,158,Totodile,Water,50,65,64,44,48,43,False,314
173,159,Croconaw,Water,65,80,80,59,63,58,False,405
174,160,Feraligatr,Water,85,105,100,79,83,78,False,530
175,161,Sentret,Normal,35,46,34,35,45,20,False,215
176,162,Furret,Normal,85,76,64,45,55,90,False,415
177,163,Hoothoot,Normal,60,30,30,36,56,50,False,262
178,164,Noctowl,Normal,100,50,50,76,96,70,False,442
179,165,Ledyba,Bug,40,20,30,40,80,55,False,265
180,166,Ledian,Bug,55,35,50,55,110,85,False,390
181,167,Spinarak,Bug,40,60,40,40,40,30,False,250
182,168,Ariados,Bug,70,90,70,60,60,40,False,390
183,169,Crobat,Poison,85,90,80,70,80,130,False,535
184,170,Chinchou,Water,75,38,38,56,56,67,False,330
185,171,Lanturn,Water,125,58,58,76,76,67,False,460
186,172,Pichu,Electric,20,40,15,35,35,60,False,205
187,173,Cleffa,Fairy,50,25,28,45,55,15,False,218
188,174,Igglybuff,Normal,90,30,15,40,20,15,False,210
189,175,Togepi,Fairy,35,20,65,40,65,20,False,245
190,176,Togetic,Fairy,55,40,85,80,105,40,False,405
191,177,Natu,Psychic,40,50,45,70,45,70,False,320
192,178,Xatu,Psychic,65,75,70,95,70,95,False,470
193,179,Mareep,Electric,55,40,40,65,45,35,False,280
194,180,Flaaffy,Electric,70,55,55,80,60,45,False,365
195,181,Ampharos,Electric,90,75,85,115,90,55,False,510
196,181,AmpharosMega Ampharos,Electric,90,95,105,165,110,45,False,610
197,182,Bellossom,Grass,75,80,95,90,100,50,False,490
198,183,Marill,Water,70,20,50,20,50,40,False,250
199,184,Azumarill,Water,100,50,80,60,80,50,False,420
200,185,Sudowoodo,Rock,70,100,115,30,65,30,False,410
201,186,Politoed,Water,90,75,75,90,100,70,False,500
202,187,Hoppip,Grass,35,35,40,35,55,50,False,250
203,188,Skiploom,Grass,55,45,50,45,65,80,False,340
204,189,Jumpluff,Grass,75,55,70,55,95,110,False,460
205,190,Aipom,Normal,55,70,55,40,55,85,False,360
206,191,Sunkern,Grass,30,30,30,30,30,30,False,180
207,192,Sunflora,Grass,75,75,55,105,85,30,False,425
208,193,Yanma,Bug,65,65,45,75,45,95,False,390
209,194,Wooper,Water,55,45,45,25,25,15,False,210
210,195,Quagsire,Water,95,85,85,65,65,35,False,430
211,196,Espeon,Psychic,65,65,60,130,95,110,False,525
212,197,Umbreon,Dark,95,65,110,60,130,65,False,525
213,198,Murkrow,Dark,60,85,42,85,42,91,False,405
214,199,Slowking,Water,95,75,80,100,110,30,False,490
215,200,Misdreavus,Ghost,60,60,60,85,85,85,False,435
216,201,Unown,Psychic,48,72,48,72,48,48,False,336
217,202,Wobbuffet,Psychic,190,33,58,33,58,33,False,405
218,203,Girafarig,Normal,70,80,65,90,65,85,False,455
219,204,Pineco,Bug,50,65,90,35,35,15,False,290
220,205,Forretress,Bug,75,90,140,60,60,40,False,465
221,206,Dunsparce,Normal,100,70,70,65,65,45,False,415
222,207,Gligar,Ground,65,75,105,35,65,85,False,430
223,208,Steelix,Steel,75,85,200,55,65,30,False,510
224,208,SteelixMega Steelix,Steel,75,125,230,55,95,30,False,610
225,209,Snubbull,Fairy,60,80,50,40,40,30,False,300
226,210,Granbull,Fairy,90,120,75,60,60,45,False,450
227,211,Qwilfish,Water,65,95,75,55,55,85,False,430
228,212,Scizor,Bug,70,130,100,55,80,65,False,500
229,212,ScizorMega Scizor,Bug,70,150,140,65,100,75,False,600
230,213,Shuckle,Bug,20,10,230,10,230,5,False,505
231,214,Heracross,Bug,80,125,75,40,95,85,False,500
232,214,HeracrossMega Heracross,Bug,80,185,115,40,105,75,False,600
233,215,Sneasel,Dark,55,95,55,35,75,115,False,430
234,216,Teddiursa,Normal,60,80,50,50,50,40,False,330
235,217,Ursaring,Normal,90,130,75,75,75,55,False,500
236,218,Slugma,Fire,40,40,40,70,40,20,False,250
237,219,Magcargo,Fire,50,50,120,80,80,30,False,410
238,220,Swinub,Ice,50,50,40,30,30,50,False,250
239,221,Piloswine,Ice,100,100,80,60,60,50,False,450
240,222,Corsola,Water,55,55,85,65,85,35,False,380
241,223,Remoraid,Water,35,65,35,65,35,65,False,300
242,224,Octillery,Water,75,105,75,105,75,45,False,480
243,225,Delibird,Ice,45,55,45,65,45,75,False,330
244,226,Mantine,Water,65,40,70,80,140,70,False,465
245,227,Skarmory,Steel,65,80,140,40,70,70,False,465
246,228,Houndour,Dark,45,60,30,80,50,65,False,330
247,229,Houndoom,Dark,75,90,50,110,80,95,False,500
248,229,HoundoomMega Houndoom,Dark,75,90,90,140,90,115,False,600
249,230,Kingdra,Water,75,95,95,95,95,85,False,540
250,231,Phanpy,Ground,90,60,60,40,40,40,False,330
251,232,Donphan,Ground,90,120,120,60,60,50,False,500
252,233,Porygon2,Normal,85,80,90,105,95,60,False,515
253,234,Stantler,Normal,73,95,62,85,65,85,False,465
254,235,Smeargle,Normal,55,20,35,20,45,75,False,250
255,236,Tyrogue,Fighting,35,35,35,35,35,35,False,210
256,237,Hitmontop,Fighting,50,95,95,35,110,70,False,455
257,238,Smoochum,Ice,45,30,15,85,65,65,False,305
258,239,Elekid,Electric,45,63,37,65,55,95,False,360
259,240,Magby,Fire,45,75,37,70,55,83,False,365
260,241,Miltank,Normal,95,80,105,40,70,100,False,490
261,242,Blissey,Normal,255,10,10,75,135,55,False,540
262,243,Raikou,Electric,90,85,75,115,100,115,True,580
263,244,Entei,Fire,115,115,85,90,75,100,True,580
264,245,Suicune,Water,100,75,115,90,115,85,True,580
265,246,Larvitar,Rock,50,64,50,45,50,41,False,300
266,247,Pupitar,Rock,70,84,70,65,70,51,False,410
267,248,Tyranitar,Rock,100,134,110,95,100,61,False,600
268,248,TyranitarMega Tyranitar,Rock,100,164,150,95,120,71,False,700
269,249,Lugia,Psychic,106,90,130,90,154,110,True,680
270,250,Ho-oh,Fire,106,130,90,110,154,90,True,680
271,251,Celebi,Psychic,100,100,100,100,100,100,False,600
272,252,Treecko,Grass,40,45,35,65,55,70,False,310
273,253,Grovyle,Grass,50,65,45,85,65,95,False,405
274,254,Sceptile,Grass,70,85,65,105,85,120,False,530
275,254,SceptileMega Sceptile,Grass,70,110,75,145,85,145,False,630
276,255,Torchic,Fire,45,60,40,70,50,45,False,310
277,256,Combusken,Fire,60,85,60,85,60,55,False,405
278,257,Blaziken,Fire,80,120,70,110,70,80,False,530
279,257,BlazikenMega Blaziken,Fire,80,160,80,130,80,100,False,630
280,258,Mudkip,Water,50,70,50,50,50,40,False,310
281,259,Marshtomp,Water,70,85,70,60,70,50,False,405
282,260,Swampert,Water,100,110,90,85,90,60,False,535
283,260,SwampertMega Swampert,Water,100,150,110,95,110,70,False,635
284,261,Poochyena,Dark,35,55,35,30,30,35,False,220
285,262,Mightyena,Dark,70,90,70,60,60,70,False,420
286,263,Zigzagoon,Normal,38,30,41,30,41,60,False,240
287,264,Linoone,Normal,78,70,61,50,61,100,False,420
288,265,Wurmple,Bug,45,45,35,20,30,20,False,195
289,266,Silcoon,Bug,50,35,55,25,25,15,False,205
290,267,Beautifly,Bug,60,70,50,100,50,65,False,395
291,268,Cascoon,Bug,50,35,55,25,25,15,False,205
292,269,Dustox,Bug,60,50,70,50,90,65,False,385
293,270,Lotad,Water,40,30,30,40,50,30,False,220
294,271,Lombre,Water,60,50,50,60,70,50,False,340
295,272,Ludicolo,Water,80,70,70,90,100,70,False,480
296,273,Seedot,Grass,40,40,50,30,30,30,False,220
297,274,Nuzleaf,Grass,70,70,40,60,40,60,False,340
298,275,Shiftry,Grass,90,100,60,90,60,80,False,480
299,276,Taillow,Normal,40,55,30,30,30,85,False,270
300,277,Swellow,Normal,60,85,60,50,50,125,False,430
301,278,Wingull,Water,40,30,30,55,30,85,False,270
302,279,Pelipper,Water,60,50,100,85,70,65,False,430
303,280,Ralts,Psychic,28,25,25,45,35,40,False,198
304,281,Kirlia,Psychic,38,35,35,65,55,50,False,278
305,282,Gardevoir,Psychic,68,65,65,125,115,80,False,518
306,282,GardevoirMega Gardevoir,Psychic,68,85,65,165,135,100,False,618
307,283,Surskit,Bug,40,30,32,50,52,65,False,269
308,284,Masquerain,Bug,70,60,62,80,82,60,False,414
309,285,Shroomish,Grass,60,40,60,40,60,35,False,295
310,286,Breloom,Grass,60,130,80,60,60,70,False,460
311,287,Slakoth,Normal,60,60,60,35,35,30,False,280
312,288,Vigoroth,Normal,80,80,80,55,55,90,False,440
313,289,Slaking,Normal,150,160,100,95,65,100,False,670
314,290,Nincada,Bug,31,45,90,30,30,40,False,266
315,291,Ninjask,Bug,61,90,45,50,50,160,False,456
316,292,Shedinja,Bug,1,90,45,30,30,40,False,236
317,293,Whismur,Normal,64,51,23,51,23,28,False,240
318,294,Loudred,Normal,84,71,43,71,43,48,False,360
319,295,Exploud,Normal,104,91,63,91,73,68,False,490
320,296,Makuhita,Fighting,72,60,30,20,30,25,False,237
321,297,Hariyama,Fighting,144,120,60,40,60,50,False,474
322,298,Azurill,Normal,50,20,40,20,40,20,False,190
323,299,Nosepass,Rock,30,45,135,45,90,30,False,375
324,300,Skitty,Normal,50,45,45,35,35,50,False,260
325,301,Delcatty,Normal,70,65,65,55,55,70,False,380
326,302,Sableye,Dark,50,75,75,65,65,50,False,380
327,302,SableyeMega Sableye,Dark,50,85,125,85,115,20,False,480
328,303,Mawile,Steel,50,85,85,55,55,50,False,380
329,303,MawileMega Mawile,Steel,50,105,125,55,95,50,False,480
330,304,Aron,Steel,50,70,100,40,40,30,False,330
331,305,Lairon,Steel,60,90,140,50,50,40,False,430
332,306,Aggron,Steel,70,110,180,60,60,50,False,530
333,306,AggronMega Aggron,Steel,70,140,230,60,80,50,False,630
334,307,Meditite,Fighting,30,40,55,40,55,60,False,280
335,308,Medicham,Fighting,60,60,75,60,75,80,False,410
336,308,MedichamMega Medicham,Fighting,60,100,85,80,85,100,False,510
337,309,Electrike,Electric,40,45,40,65,40,65,False,295
338,310,Manectric,Electric,70,75,60,105,60,105,False,475
339,310,ManectricMega Manectric,Electric,70,75,80,135,80,135,False,575
340,311,Plusle,Electric,60,50,40,85,75,95,False,405
341,312,Minun,Electric,60,40,50,75,85,95,False,405
342,313,Volbeat,Bug,65,73,55,47,75,85,False,400
343,314,Illumise,Bug,65,47,55,73,75,85,False,400
344,315,Roselia,Grass,50,60,45,100,80,65,False,400
345,316,Gulpin,Poison,70,43,53,43,53,40,False,302
346,317,Swalot,Poison,100,73,83,73,83,55,False,467
347,318,Carvanha,Water,45,90,20,65,20,65,False,305
348,319,Sharpedo,Water,70,120,40,95,40,95,False,460
349,319,SharpedoMega Sharpedo,Water,70,140,70,110,65,105,False,560
350,320,Wailmer,Water,130,70,35,70,35,60,False,400
351,321,Wailord,Water,170,90,45,90,45,60,False,500
352,322,Numel,Fire,60,60,40,65,45,35,False,305
353,323,Camerupt,Fire,70,100,70,105,75,40,False,460
354,323,CameruptMega Camerupt,Fire,70,120,100,145,105,20,False,560
355,324,Torkoal,Fire,70,85,140,85,70,20,False,470
356,325,Spoink,Psychic,60,25,35,70,80,60,False,330
357,326,Grumpig,Psychic,80,45,65,90,110,80,False,470
358,327,Spinda,Normal,60,60,60,60,60,60,False,360
359,328,Trapinch,Ground,45,100,45,45,45,10,False,290
360,329,Vibrava,Ground,50,70,50,50,50,70,False,340
361,330,Flygon,Ground,80,100,80,80,80,100,False,520
362,331,Cacnea,Grass,50,85,40,85,40,35,False,335
363,332,Cacturne,Grass,70,115,60,115,60,55,False,475
364,333,Swablu,Normal,45,40,60,40,75,50,False,310
365,334,Altaria,Dragon,75,70,90,70,105,80,False,490
366,334,AltariaMega Altaria,Dragon,75,110,110,110,105,80,False,590
367,335,Zangoose,Normal,73,115,60,60,60,90,False,458
368,336,Seviper,Poison,73,100,60,100,60,65,False,458
369,337,Lunatone,Rock,70,55,65,95,85,70,False,440
370,338,Solrock,Rock,70,95,85,55,65,70,False,440
371,339,Barboach,Water,50,48,43,46,41,60,False,288
372,340,Whiscash,Water,110,78,73,76,71,60,False,468
373,341,Corphish,Water,43,80,65,50,35,35,False,308
374,342,Crawdaunt,Water,63,120,85,90,55,55,False,468
375,343,Baltoy,Ground,40,40,55,40,70,55,False,300
376,344,Claydol,Ground,60,70,105,70,120,75,False,500
377,345,Lileep,Rock,66,41,77,61,87,23,False,355
378,346,Cradily,Rock,86,81,97,81,107,43,False,495
379,347,Anorith,Rock,45,95,50,40,50,75,False,355
380,348,Armaldo,Rock,75,125,100,70,80,45,False,495
381,349,Feebas,Water,20,15,20,10,55,80,False,200
382,350,Milotic,Water,95,60,79,100,125,81,False,540
383,351,Castform,Normal,70,70,70,70,70,70,False,420
384,352,Kecleon,Normal,60,90,70,60,120,40,False,440
385,353,Shuppet,Ghost,44,75,35,63,33,45,False,295
386,354,Banette,Ghost,64,115,65,83,63,65,False,455
387,354,BanetteMega Banette,Ghost,64,165,75,93,83,75,False,555
388,355,Duskull,Ghost,20,40,90,30,90,25,False,295
389,356,Dusclops,Ghost,40,70,130,60,130,25,False,455
390,357,Tropius,Grass,99,68,83,72,87,51,False,460
391,358,Chimecho,Psychic,65,50,70,95,80,65,False,425
392,359,Absol,Dark,65,130,60,75,60,75,False,465
393,359,AbsolMega Absol,Dark,65,150,60,115,60,115,False,565
394,360,Wynaut,Psychic,95,23,48,23,48,23,False,260
395,361,Snorunt,Ice,50,50,50,50,50,50,False,300
396,362,Glalie,Ice,80,80,80,80,80,80,False,480
397,362,GlalieMega Glalie,Ice,80,120,80,120,80,100,False,580
398,363,Spheal,Ice,70,40,50,55,50,25,False,290
399,364,Sealeo,Ice,90,60,70,75,70,45,False,410
400,365,Walrein,Ice,110,80,90,95,90,65,False,530
401,366,Clamperl,Water,35,64,85,74,55,32,False,345
402,367,Huntail,Water,55,104,105,94,75,52,False,485
403,368,Gorebyss,Water,55,84,105,114,75,52,False,485
404,369,Relicanth,Water,100,90,130,45,65,55,False,485
405,370,Luvdisc,Water,43,30,55,40,65,97,False,330
406,371,Bagon,Dragon,45,75,60,40,30,50,False,300
407,372,Shelgon,Dragon,65,95,100,60,50,50,False,420
408,373,Salamence,Dragon,95,135,80,110,80,100,False,600
409,373,SalamenceMega Salamence,Dragon,95,145,130,120,90,120,False,700
410,374,Beldum,Steel,40,55,80,35,60,30,False,300
411,375,Metang,Steel,60,75,100,55,80,50,False,420
412,376,Metagross,Steel,80,135,130,95,90,70,False,600
413,376,MetagrossMega Metagross,Steel,80,145,150,105,110,110,False,700
414,377,Regirock,Rock,80,100,200,50,100,50,True,580
415,378,Regice,Ice,80,50,100,100,200,50,True,580
416,379,Registeel,Steel,80,75,150,75,150,50,True,580
417,380,Latias,Dragon,80,80,90,110,130,110,True,600
418,380,LatiasMega Latias,Dragon,80,100,120,140,150,110,True,700
419,381,Latios,Dragon,80,90,80,130,110,110,True,600
420,381,LatiosMega Latios,Dragon,80,130,100,160,120,110,True,700
421,382,Kyogre,Water,100,100,90,150,140,90,True,670
422,382,KyogrePrimal Kyogre,Water,100,150,90,180,160,90,True,770
423,383,Groudon,Ground,100,150,140,100,90,90,True,670
424,383,GroudonPrimal Groudon,Ground,100,180,160,150,90,90,True,770
425,384,Rayquaza,Dragon,105,150,90,150,90,95,True,680
426,384,RayquazaMega Rayquaza,Dragon,105,180,100,180,100,115,True,780
427,385,Jirachi,Steel,100,100,100,100,100,100,True,600
428,386,DeoxysNormal Forme,Psychic,50,150,50,150,50,150,True,600
429,386,DeoxysAttack Forme,Psychic,50,180,20,180,20,150,True,600
430,386,DeoxysDefense Forme,Psychic,50,70,160,70,160,90,True,600
431,386,DeoxysSpeed Forme,Psychic,50,95,90,95,90,180,True,600
432,387,Turtwig,Grass,55,68,64,45,55,31,False,318
433,388,Grotle,Grass,75,89,85,55,65,36,False,405
434,389,Torterra,Grass,95,109,105,75,85,56,False,525
435,390,Chimchar,Fire,44,58,44,58,44,61,False,309
436,391,Monferno,Fire,64,78,52,78,52,81,False,405
437,392,Infernape,Fire,76,104,71,104,71,108,False,534
438,393,Piplup,Water,53,51,53,61,56,40,False,314
439,394,Prinplup,Water,64,66,68,81,76,50,False,405
440,395,Empoleon,Water,84,86,88,111,101,60,False,530
441,396,Starly,Normal,40,55,30,30,30,60,False,245
442,397,Staravia,Normal,55,75,50,40,40,80,False,340
443,398,Staraptor,Normal,85,120,70,50,60,100,False,485
444,399,Bidoof,Normal,59,45,40,35,40,31,False,250
445,400,Bibarel,Normal,79,85,60,55,60,71,False,410
446,401,Kricketot,Bug,37,25,41,25,41,25,False,194
447,402,Kricketune,Bug,77,85,51,55,51,65,False,384
448,403,Shinx,Electric,45,65,34,40,34,45,False,263
449,404,Luxio,Electric,60,85,49,60,49,60,False,363
450,405,Luxray,Electric,80,120,79,95,79,70,False,523
451,406,Budew,Grass,40,30,35,50,70,55,False,280
452,407,Roserade,Grass,60,70,65,125,105,90,False,515
453,408,Cranidos,Rock,67,125,40,30,30,58,False,350
454,409,Rampardos,Rock,97,165,60,65,50,58,False,495
455,410,Shieldon,Rock,30,42,118,42,88,30,False,350
456,411,Bastiodon,Rock,60,52,168,47,138,30,False,495
457,412,Burmy,Bug,40,29,45,29,45,36,False,224
458,413,WormadamPlant Cloak,Bug,60,59,85,79,105,36,False,424
459,413,WormadamSandy Cloak,Bug,60,79,105,59,85,36,False,424
460,413,WormadamTrash Cloak,Bug,60,69,95,69,95,36,False,424
461,414,Mothim,Bug,70,94,50,94,50,66,False,424
462,415,Combee,Bug,30,30,42,30,42,70,False,244
463,416,Vespiquen,Bug,70,80,102,80,102,40,False,474
464,417,Pachirisu,Electric,60,45,70,45,90,95,False,405
465,418,Buizel,Water,55,65,35,60,30,85,False,330
466,419,Floatzel,Water,85,105,55,85,50,115,False,495
467,420,Cherubi,Grass,45,35,45,62,53,35,False,275
468,421,Cherrim,Grass,70,60,70,87,78,85,False,450
469,422,Shellos,Water,76,48,48,57,62,34,False,325
470,423,Gastrodon,Water,111,83,68,92,82,39,False,475
471,424,Ambipom,Normal,75,100,66,60,66,115,False,482
472,425,Drifloon,Ghost,90,50,34,60,44,70,False,348
473,426,Drifblim,Ghost,150,80,44,90,54,80,False,498
474,427,Buneary,Normal,55,66,44,44,56,85,False,350
475,428,Lopunny,Normal,65,76,84,54,96,105,False,480
476,428,LopunnyMega Lopunny,Normal,65,136,94,54,96,135,False,580
477,429,Mismagius,Ghost,60,60,60,105,105,105,False,495
478,430,Honchkrow,Dark,100,125,52,105,52,71,False,505
479,431,Glameow,Normal,49,55,42,42,37,85,False,310
480,432,Purugly,Normal,71,82,64,64,59,112,False,452
481,433,Chingling,Psychic,45,30,50,65,50,45,False,285
482,434,Stunky,Poison,63,63,47,41,41,74,False,329
483,435,Skuntank,Poison,103,93,67,71,61,84,False,479
484,436,Bronzor,Steel,57,24,86,24,86,23,False,300
485,437,Bronzong,Steel,67,89,116,79,116,33,False,500
486,438,Bonsly,Rock,50,80,95,10,45,10,False,290
487,439,Mime Jr.,Psychic,20,25,45,70,90,60,False,310
488,440,Happiny,Normal,100,5,5,15,65,30,False,220
489,441,Chatot,Normal,76,65,45,92,42,91,False,411
490,442,Spiritomb,Ghost,50,92,108,92,108,35,False,485
491,443,Gible,Dragon,58,70,45,40,45,42,False,300
492,444,Gabite,Dragon,68,90,65,50,55,82,False,410
493,445,Garchomp,Dragon,108,130,95,80,85,102,False,600
494,445,GarchompMega Garchomp,Dragon,108,170,115,120,95,92,False,700
495,446,Munchlax,Normal,135,85,40,40,85,5,False,390
496,447,Riolu,Fighting,40,70,40,35,40,60,False,285
497,448,Lucario,Fighting,70,110,70,115,70,90,False,525
498,448,LucarioMega Lucario,Fighting,70,145,88,140,70,112,False,625
499,449,Hippopotas,Ground,68,72,78,38,42,32,False,330
500,450,Hippowdon,Ground,108,112,118,68,72,47,False,525
501,451,Skorupi,Poison,40,50,90,30,55,65,False,330
502,452,Drapion,Poison,70,90,110,60,75,95,False,500
503,453,Croagunk,Poison,48,61,40,61,40,50,False,300
504,454,Toxicroak,Poison,83,106,65,86,65,85,False,490
505,455,Carnivine,Grass,74,100,72,90,72,46,False,454
506,456,Finneon,Water,49,49,56,49,61,66,False,330
507,457,Lumineon,Water,69,69,76,69,86,91,False,460
508,458,Mantyke,Water,45,20,50,60,120,50,False,345
509,459,Snover,Grass,60,62,50,62,60,40,False,334
510,460,Abomasnow,Grass,90,92,75,92,85,60,False,494
511,460,AbomasnowMega Abomasnow,Grass,90,132,105,132,105,30,False,594
512,461,Weavile,Dark,70,120,65,45,85,125,False,510
513,462,Magnezone,Electric,70,70,115,130,90,60,False,535
514,463,Lickilicky,Normal,110,85,95,80,95,50,False,515
515,464,Rhyperior,Ground,115,140,130,55,55,40,False,535
516,465,Tangrowth,Grass,100,100,125,110,50,50,False,535
517,466,Electivire,Electric,75,123,67,95,85,95,False,540
518,467,Magmortar,Fire,75,95,67,125,95,83,False,540
519,468,Togekiss,Fairy,85,50,95,120,115,80,False,545
520,469,Yanmega,Bug,86,76,86,116,56,95,False,515
521,470,Leafeon,Grass,65,110,130,60,65,95,False,525
522,471,Glaceon,Ice,65,60,110,130,95,65,False,525
523,472,Gliscor,Ground,75,95,125,45,75,95,False,510
524,473,Mamoswine,Ice,110,130,80,70,60,80,False,530
525,474,Porygon-Z,Normal,85,80,70,135,75,90,False,535
526,475,Gallade,Psychic,68,125,65,65,115,80,False,518
527,475,GalladeMega Gallade,Psychic,68,165,95,65,115,110,False,618
528,476,Probopass,Rock,60,55,145,75,150,40,False,525
529,477,Dusknoir,Ghost,45,100,135,65,135,45,False,525
530,478,Froslass,Ice,70,80,70,80,70,110,False,480
531,479,Rotom,Electric,50,50,77,95,77,91,False,440
532,479,RotomHeat Rotom,Electric,50,65,107,105,107,86,False,520
533,479,RotomWash Rotom,Electric,50,65,107,105,107,86,False,520
534,479,RotomFrost Rotom,Electric,50,65,107,105,107,86,False,520
535,479,RotomFan Rotom,Electric,50,65,107,105,107,86,False,520
536,479,RotomMow Rotom,Electric,50,65,107,105,107,86,False,520
537,480,Uxie,Psychic,75,75,130,75,130,95,True,580
538,481,Mesprit,Psychic,80,105,105,105,105,80,True,580
539,482,Azelf,Psychic,75,125,70,125,70,115,True,580
540,483,Dialga,Steel,100,120,120,150,100,90,True,680
541,484,Palkia,Water,90,120,100,150,120,100,True,680
542,485,Heatran,Fire,91,90,106,130,106,77,True,600
543,486,Regigigas,Normal,110,160,110,80,110,100,True,670
544,487,GiratinaAltered Forme,Ghost,150,100,120,100,120,90,True,680
545,487,GiratinaOrigin Forme,Ghost,150,120,100,120,100,90,True,680
546,488,Cresselia,Psychic,120,70,120,75,130,85,False,600
547,489,Phione,Water,80,80,80,80,80,80,False,480
548,490,Manaphy,Water,100,100,100,100,100,100,False,600
549,491,Darkrai,Dark,70,90,90,135,90,125,True,600
550,492,ShayminLand Forme,Grass,100,100,100,100,100,100,True,600
551,492,ShayminSky Forme,Grass,100,103,75,120,75,127,True,600
552,493,Arceus,Normal,120,120,120,120,120,120,True,720
553,494,Victini,Psychic,100,100,100,100,100,100,True,600
554,495,Snivy,Grass,45,45,55,45,55,63,False,308
555,496,Servine,Grass,60,60,75,60,75,83,False,413
556,497,Serperior,Grass,75,75,95,75,95,113,False,528
557,498,Tepig,Fire,65,63,45,45,45,45,False,308
558,499,Pignite,Fire,90,93,55,70,55,55,False,418
559,500,Emboar,Fire,110,123,65,100,65,65,False,528
560,501,Oshawott,Water,55,55,45,63,45,45,False,308
561,502,Dewott,Water,75,75,60,83,60,60,False,413
562,503,Samurott,Water,95,100,85,108,70,70,False,528
563,504,Patrat,Normal,45,55,39,35,39,42,False,255
564,505,Watchog,Normal,60,85,69,60,69,77,False,420
565,506,Lillipup,Normal,45,60,45,25,45,55,False,275
566,507,Herdier,Normal,65,80,65,35,65,60,False,370
567,508,Stoutland,Normal,85,110,90,45,90,80,False,500
568,509,Purrloin,Dark,41,50,37,50,37,66,False,281
569,510,Liepard,Dark,64,88,50,88,50,106,False,446
570,511,Pansage,Grass,50,53,48,53,48,64,False,316
571,512,Simisage,Grass,75,98,63,98,63,101,False,498
572,513,Pansear,Fire,50,53,48,53,48,64,False,316
573,514,Simisear,Fire,75,98,63,98,63,101,False,498
574,515,Panpour,Water,50,53,48,53,48,64,False,316
575,516,Simipour,Water,75,98,63,98,63,101,False,498
576,517,Munna,Psychic,76,25,45,67,55,24,False,292
577,518,Musharna,Psychic,116,55,85,107,95,29,False,487
578,519,Pidove,Normal,50,55,50,36,30,43,False,264
579,520,Tranquill,Normal,62,77,62,50,42,65,False,358
580,521,Unfezant,Normal,80,115,80,65,55,93,False,488
581,522,Blitzle,Electric,45,60,32,50,32,76,False,295
582,523,Zebstrika,Electric,75,100,63,80,63,116,False,497
583,524,Roggenrola,Rock,55,75,85,25,25,15,False,280
584,525,Boldore,Rock,70,105,105,50,40,20,False,390
585,526,Gigalith,Rock,85,135,130,60,80,25,False,515
586,527,Woobat,Psychic,55,45,43,55,43,72,False,313
587,528,Swoobat,Psychic,67,57,55,77,55,114,False,425
588,529,Drilbur,Ground,60,85,40,30,45,68,False,328
589,530,Excadrill,Ground,110,135,60,50,65,88,False,508
590,531,Audino,Normal,103,60,86,60,86,50,False,445
591,531,AudinoMega Audino,Normal,103,60,126,80,126,50,False,545
592,532,Timburr,Fighting,75,80,55,25,35,35,False,305
593,533,Gurdurr,Fighting,85,105,85,40,50,40,False,405
594,534,Conkeldurr,Fighting,105,140,95,55,65,45,False,505
595,535,Tympole,Water,50,50,40,50,40,64,False,294
596,536,Palpitoad,Water,75,65,55,65,55,69,False,384
597,537,Seismitoad,Water,105,95,75,85,75,74,False,509
598,538,Throh,Fighting,120,100,85,30,85,45,False,465
599,539,Sawk,Fighting,75,125,75,30,75,85,False,465
600,540,Sewaddle,Bug,45,53,70,40,60,42,False,310
601,541,Swadloon,Bug,55,63,90,50,80,42,False,380
602,542,Leavanny,Bug,75,103,80,70,80,92,False,500
603,543,Venipede,Bug,30,45,59,30,39,57,False,260
604,544,Whirlipede,Bug,40,55,99,40,79,47,False,360
605,545,Scolipede,Bug,60,100,89,55,69,112,False,485
606,546,Cottonee,Grass,40,27,60,37,50,66,False,280
607,547,Whimsicott,Grass,60,67,85,77,75,116,False,480
608,548,Petilil,Grass,45,35,50,70,50,30,False,280
609,549,Lilligant,Grass,70,60,75,110,75,90,False,480
610,550,Basculin,Water,70,92,65,80,55,98,False,460
611,551,Sandile,Ground,50,72,35,35,35,65,False,292
612,552,Krokorok,Ground,60,82,45,45,45,74,False,351
613,553,Krookodile,Ground,95,117,80,65,70,92,False,519
614,554,Darumaka,Fire,70,90,45,15,45,50,False,315
615,555,DarmanitanStandard Mode,Fire,105,140,55,30,55,95,False,480
616,555,DarmanitanZen Mode,Fire,105,30,105,140,105,55,False,540
617,556,Maractus,Grass,75,86,67,106,67,60,False,461
618,557,Dwebble,Bug,50,65,85,35,35,55,False,325
619,558,Crustle,Bug,70,95,125,65,75,45,False,475
620,559,Scraggy,Dark,50,75,70,35,70,48,False,348
621,560,Scrafty,Dark,65,90,115,45,115,58,False,488
622,561,Sigilyph,Psychic,72,58,80,103,80,97,False,490
623,562,Yamask,Ghost,38,30,85,55,65,30,False,303
624,563,Cofagrigus,Ghost,58,50,145,95,105,30,False,483
625,564,Tirtouga,Water,54,78,103,53,45,22,False,355
626,565,Carracosta,Water,74,108,133,83,65,32,False,495
627,566,Archen,Rock,55,112,45,74,45,70,False,401
628,567,Archeops,Rock,75,140,65,112,65,110,False,567
629,568,Trubbish,Poison,50,50,62,40,62,65,False,329
630,569,Garbodor,Poison,80,95,82,60,82,75,False,474
631,570,Zorua,Dark,40,65,40,80,40,65,False,330
632,571,Zoroark,Dark,60,105,60,120,60,105,False,510
633,572,Minccino,Normal,55,50,40,40,40,75,False,300
634,573,Cinccino,Normal,75,95,60,65,60,115,False,470
635,574,Gothita,Psychic,45,30,50,55,65,45,False,290
636,575,Gothorita,Psychic,60,45,70,75,85,55,False,390
637,576,Gothitelle,Psychic,70,55,95,95,110,65,False,490
638,577,Solosis,Psychic,45,30,40,105,50,20,False,290
639,578,Duosion,Psychic,65,40,50,125,60,30,False,370
640,579,Reuniclus,Psychic,110,65,75,125,85,30,False,490
641,580,Ducklett,Water,62,44,50,44,50,55,False,305
642,581,Swanna,Water,75,87,63,87,63,98,False,473
643,582,Vanillite,Ice,36,50,50,65,60,44,False,305
644,583,Vanillish,Ice,51,65,65,80,75,59,False,395
645,584,Vanilluxe,Ice,71,95,85,110,95,79,False,535
646,585,Deerling,Normal,60,60,50,40,50,75,False,335
647,586,Sawsbuck,Normal,80,100,70,60,70,95,False,475
648,587,Emolga,Electric,55,75,60,75,60,103,False,428
649,588,Karrablast,Bug,50,75,45,40,45,60,False,315
650,589,Escavalier,Bug,70,135,105,60,105,20,False,495
651,590,Foongus,Grass,69,55,45,55,55,15,False,294
652,591,Amoonguss,Grass,114,85,70,85,80,30,False,464
653,592,Frillish,Water,55,40,50,65,85,40,False,335
654,593,Jellicent,Water,100,60,70,85,105,60,False,480
655,594,Alomomola,Water,165,75,80,40,45,65,False,470
656,595,Joltik,Bug,50,47,50,57,50,65,False,319
657,596,Galvantula,Bug,70,77,60,97,60,108,False,472
658,597,Ferroseed,Grass,44,50,91,24,86,10,False,305
659,598,Ferrothorn,Grass,74,94,131,54,116,20,False,489
660,599,Klink,Steel,40,55,70,45,60,30,False,300
661,600,Klang,Steel,60,80,95,70,85,50,False,440
662,601,Klinklang,Steel,60,100,115,70,85,90,False,520
663,602,Tynamo,Electric,35,55,40,45,40,60,False,275
664,603,Eelektrik,Electric,65,85,70,75,70,40,False,405
665,604,Eelektross,Electric,85,115,80,105,80,50,False,515
666,605,Elgyem,Psychic,55,55,55,85,55,30,False,335
667,606,Beheeyem,Psychic,75,75,75,125,95,40,False,485
668,607,Litwick,Ghost,50,30,55,65,55,20,False,275
669,608,Lampent,Ghost,60,40,60,95,60,55,False,370
670,609,Chandelure,Ghost,60,55,90,145,90,80,False,520
671,610,Axew,Dragon,46,87,60,30,40,57,False,320
672,611,Fraxure,Dragon,66,117,70,40,50,67,False,410
673,612,Haxorus,Dragon,76,147,90,60,70,97,False,540
674,613,Cubchoo,Ice,55,70,40,60,40,40,False,305
675,614,Beartic,Ice,95,110,80,70,80,50,False,485
676,615,Cryogonal,Ice,70,50,30,95,135,105,False,485
677,616,Shelmet,Bug,50,40,85,40,65,25,False,305
678,617,Accelgor,Bug,80,70,40,100,60,145,False,495
679,618,Stunfisk,Ground,109,66,84,81,99,32,False,471
680,619,Mienfoo,Fighting,45,85,50,55,50,65,False,350
681,620,Mienshao,Fighting,65,125,60,95,60,105,False,510
682,621,Druddigon,Dragon,77,120,90,60,90,48,False,485
683,622,Golett,Ground,59,74,50,35,50,35,False,303
684,623,Golurk,Ground,89,124,80,55,80,55,False,483
685,624,Pawniard,Dark,45,85,70,40,40,60,False,340
686,625,Bisharp,Dark,65,125,100,60,70,70,False,490
687,626,Bouffalant,Normal,95,110,95,40,95,55,False,490
688,627,Rufflet,Normal,70,83,50,37,50,60,False,350
689,628,Braviary,Normal,100,123,75,57,75,80,False,510
690,629,Vullaby,Dark,70,55,75,45,65,60,False,370
691,630,Mandibuzz,Dark,110,65,105,55,95,80,False,510
692,631,Heatmor,Fire,85,97,66,105,66,65,False,484
693,632,Durant,Bug,58,109,112,48,48,109,False,484
694,633,Deino,Dark,52,65,50,45,50,38,False,300
695,634,Zweilous,Dark,72,85,70,65,70,58,False,420
696,635,Hydreigon,Dark,92,105,90,125,90,98,False,600
697,636,Larvesta,Bug,55,85,55,50,55,60,False,360
698,637,Volcarona,Bug,85,60,65,135,105,100,False,550
699,638,Cobalion,Steel,91,90,129,90,72,108,True,580
700,639,Terrakion,Rock,91,129,90,72,90,108,True,580
701,640,Virizion,Grass,91,90,72,90,129,108,True,580
702,641,TornadusIncarnate Forme,Flying,79,115,70,125,80,111,True,580
703,641,TornadusTherian Forme,Flying,79,100,80,110,90,121,True,580
704,642,ThundurusIncarnate Forme,Electric,79,115,70,125,80,111,True,580
705,642,ThundurusTherian Forme,Electric,79,105,70,145,80,101,True,580
706,643,Reshiram,Dragon,100,120,100,150,120,90,True,680
707,644,Zekrom,Dragon,100,150,120,120,100,90,True,680
708,645,LandorusIncarnate Forme,Ground,89,125,90,115,80,101,True,600
709,645,LandorusTherian Forme,Ground,89,145,90,105,80,91,True,600
710,646,Kyurem,Dragon,125,130,90,130,90,95,True,660
711,646,KyuremBlack Kyurem,Dragon,125,170,100,120,90,95,True,700
712,646,KyuremWhite Kyurem,Dragon,125,120,90,170,100,95,True,700
713,647,KeldeoOrdinary Forme,Water,91,72,90,129,90,108,False,580
714,647,KeldeoResolute Forme,Water,91,72,90,129,90,108,False,580
715,648,MeloettaAria Forme,Normal,100,77,77,128,128,90,False,600
716,648,MeloettaPirouette Forme,Normal,100,128,90,77,77,128,False,600
717,649,Genesect,Bug,71,120,95,120,95,99,False,600
718,650,Chespin,Grass,56,61,65,48,45,38,False,313
719,651,Quilladin,Grass,61,78,95,56,58,57,False,405
720,652,Chesnaught,Grass,88,107,122,74,75,64,False,530
721,653,Fennekin,Fire,40,45,40,62,60,60,False,307
722,654,Braixen,Fire,59,59,58,90,70,73,False,409
723,655,Delphox,Fire,75,69,72,114,100,104,False,534
724,656,Froakie,Water,41,56,40,62,44,71,False,314
725,657,Frogadier,Water,54,63,52,83,56,97,False,405
726,658,Greninja,Water,72,95,67,103,71,122,False,530
727,659,Bunnelby,Normal,38,36,38,32,36,57,False,237
728,660,Diggersby,Normal,85,56,77,50,77,78,False,423
729,661,Fletchling,Normal,45,50,43,40,38,62,False,278
730,662,Fletchinder,Fire,62,73,55,56,52,84,False,382
731,663,Talonflame,Fire,78,81,71,74,69,126,False,499
732,664,Scatterbug,Bug,38,35,40,27,25,35,False,200
733,665,Spewpa,Bug,45,22,60,27,30,29,False,213
734,666,Vivillon,Bug,80,52,50,90,50,89,False,411
735,667,Litleo,Fire,62,50,58,73,54,72,False,369
736,668,Pyroar,Fire,86,68,72,109,66,106,False,507
737,669,Flabébé,Fairy,44,38,39,61,79,42,False,303
738,670,Floette,Fairy,54,45,47,75,98,52,False,371
739,671,Florges,Fairy,78,65,68,112,154,75,False,552
740,672,Skiddo,Grass,66,65,48,62,57,52,False,350
741,673,Gogoat,Grass,123,100,62,97,81,68,False,531
742,674,Pancham,Fighting,67,82,62,46,48,43,False,348
743,675,Pangoro,Fighting,95,124,78,69,71,58,False,495
744,676,Furfrou,Normal,75,80,60,65,90,102,False,472
745,677,Espurr,Psychic,62,48,54,63,60,68,False,355
746,678,MeowsticMale,Psychic,74,48,76,83,81,104,False,466
747,678,MeowsticFemale,Psychic,74,48,76,83,81,104,False,466
748,679,Honedge,Steel,45,80,100,35,37,28,False,325
749,680,Doublade,Steel,59,110,150,45,49,35,False,448
750,681,AegislashBlade Forme,Steel,60,150,50,150,50,60,False,520
751,681,AegislashShield Forme,Steel,60,50,150,50,150,60,False,520
752,682,Spritzee,Fairy,78,52,60,63,65,23,False,341
753,683,Aromatisse,Fairy,101,72,72,99,89,29,False,462
754,684,Swirlix,Fairy,62,48,66,59,57,49,False,341
755,685,Slurpuff,Fairy,82,80,86,85,75,72,False,480
756,686,Inkay,Dark,53,54,53,37,46,45,False,288
757,687,Malamar,Dark,86,92,88,68,75,73,False,482
758,688,Binacle,Rock,42,52,67,39,56,50,False,306
759,689,Barbaracle,Rock,72,105,115,54,86,68,False,500
760,690,Skrelp,Poison,50,60,60,60,60,30,False,320
761,691,Dragalge,Poison,65,75,90,97,123,44,False,494
762,692,Clauncher,Water,50,53,62,58,63,44,False,330
763,693,Clawitzer,Water,71,73,88,120,89,59,False,500
764,694,Helioptile,Electric,44,38,33,61,43,70,False,289
765,695,Heliolisk,Electric,62,55,52,109,94,109,False,481
766,696,Tyrunt,Rock,58,89,77,45,45,48,False,362
767,697,Tyrantrum,Rock,82,121,119,69,59,71,False,521
768,698,Amaura,Rock,77,59,50,67,63,46,False,362
769,699,Aurorus,Rock,123,77,72,99,92,58,False,521
770,700,Sylveon,Fairy,95,65,65,110,130,60,False,525
771,701,Hawlucha,Fighting,78,92,75,74,63,118,False,500
772,702,Dedenne,Electric,67,58,57,81,67,101,False,431
773,703,Carbink,Rock,50,50,150,50,150,50,False,500
774,704,Goomy,Dragon,45,50,35,55,75,40,False,300
775,705,Sliggoo,Dragon,68,75,53,83,113,60,False,452
776,706,Goodra,Dragon,90,100,70,110,150,80,False,600
777,707,Klefki,Steel,57,80,91,80,87,75,False,470
778,708,Phantump,Ghost,43,70,48,50,60,38,False,309
779,709,Trevenant,Ghost,85,110,76,65,82,56,False,474
780,710,PumpkabooAverage Size,Ghost,49,66,70,44,55,51,False,335
781,710,PumpkabooSmall Size,Ghost,44,66,70,44,55,56,False,335
782,710,PumpkabooLarge Size,Ghost,54,66,70,44,55,46,False,335
783,710,PumpkabooSuper Size,Ghost,59,66,70,44,55,41,False,335
784,711,GourgeistAverage Size,Ghost,65,90,122,58,75,84,False,494
785,711,GourgeistSmall Size,Ghost,55,85,122,58,75,99,False,494
786,711,GourgeistLarge Size,Ghost,75,95,122,58,75,69,False,494
787,711,GourgeistSuper Size,Ghost,85,100,122,58,75,54,False,494
788,712,Bergmite,Ice,55,69,85,32,35,28,False,304
789,713,Avalugg,Ice,95,117,184,44,46,28,False,514
790,714,Noibat,Flying,40,30,35,45,40,55,False,245
791,715,Noivern,Flying,85,70,80,97,80,123,False,535
792,716,Xerneas,Fairy,126,131,95,131,98,99,True,680
793,717,Yveltal,Dark,126,131,95,131,98,99,True,680
794,718,Zygarde50% Forme,Dragon,108,100,121,81,95,95,True,600
795,719,Diancie,Rock,50,100,150,100,150,50,True,600
796,719,DiancieMega Diancie,Rock,50,160,110,160,110,110,True,700
797,720,HoopaHoopa Confined,Psychic,80,110,60,150,130,70,True,600
798,720,HoopaHoopa Unbound,Psychic,80,160,60,170,130,80,True,680
799,721,Volcanion,Fire,80,110,120,130,90,70,True,600
